<?xml version="1.0" encoding="UTF-8"?>
<Configuration status="WARN">
    <Appenders>
        <Console name="Console" target="SYSTEM_OUT">
            <PatternLayout pattern="%d{HH:mm:ss.SSS} [%t] %-5level %logger{0} - %msg%n"/>
        </Console>

        <RollingFile name="RollingFileInfo" fileName="logs/perf.log"
                     filePattern="logs/$${date:yyyy-MM}/app-%d{yyyy-MM-dd}-%i.log">
            <PatternLayout pattern="%d{HH:mm:ss.SSS} [%t] %-5level %logger{36} - %msg%n"/>
            <Policies>
                <TimeBasedTriggeringPolicy/>
                <SizeBasedTriggeringPolicy size="100 MB"/>
            </Policies>
        </RollingFile>
    </Appenders>
    <Loggers>
        <Root level="INFO">
            <AppenderRef ref="Console"/>
            <AppenderRef ref="RollingFileInfo"/>
        </Root>

        <logger name="org.springframework" level="INFO"/>
        <logger name="org.apache.http" level="INFO"/>
        <logger name="org.apache.http.headers" level="INFO"/>
        <logger name="com.huaweicloud.dis.DISConfig" level="WARN"/>
        <logger name="com.huaweicloud.dis.util.config.ConfigurationUtils" level="WARN"/>
        <logger name="com.bigdata.dis.sdk.demo.consumer.AppConsumerThread" level="DEBUG"/>
        <logger name="com.bigdata.dis.sdk.demo.consumer.kafka.AppKafkaConsumerThread" level="INFO"/>

    </Loggers>
</Configuration>